{"integratedgradients": {"min": {"classic": [0.6181999030527084, 0.3108385686886432, 0.17462406015037596], "abolute": [0.4729168343610796, 0.2642511498678884, 0.15971177944862158], "inverted": [0.3818000969472916, 0.1505056547575532, 0.061967418546365914]}, "max": {"classic": [0.4670268977788938, 0.1826577708052714, 0.07775689223057644], "abolute": [0.4263182942763085, 0.20230594362719287, 0.058333333333333334], "inverted": [0.5329731022211062, 0.23236825007802167, 0.06585213032581454]}, "absmin": {"classic": [0.5427166217970629, 0.19832935603017687, 0.07775689223057644], "abolute": [0.28727716433300055, 0.1418456731351702, 0.02587719298245614], "inverted": [0.4572833782029372, 0.1644755563294639, 0.06854636591478697]}, "absmax": {"classic": [0.5845081510784079, 0.3060067299049754, 0.17462406015037596], "abolute": [0.554083152889573, 0.2922780762451895, 0.1855889724310777], "inverted": [0.415491848921592, 0.19903790239273908, 0.059273182957393485]}, "mean": {"classic": [0.5595902086736371, 0.23774802135599662, 0.10319548872180452], "abolute": [0.4649754265473129, 0.2015004249004601, 0.06885964912280702], "inverted": [0.440409791326363, 0.19283138743555597, 0.07337092731829574]}, "sum": {"classic": [0.5918622280702017, 0.3440166781675347, 0.18778195488721805], "abolute": [0.5845223680376579, 0.33550208128273096, 0.22944862155388468], "inverted": [0.4081377719297985, 0.20662358178123771, 0.07681704260651628]}}, "deeplift": {"min": {"classic": [0.614393870160803, 0.29730917957383696, 0.1912280701754386], "abolute": [0.5483555725842946, 0.24406008731215179, 0.11929824561403506], "inverted": [0.385606129839197, 0.20150051124176793, 0.10858395989974937]}, "max": {"classic": [0.42586156392848046, 0.1724055611432621, 0.03859649122807018], "abolute": [0.43166627582601735, 0.1905235141150249, 0.053947368421052626], "inverted": [0.5741384360715195, 0.27440510573922666, 0.17036340852130327]}, "absmin": {"classic": [0.4652816492817035, 0.1770966932637955, 0.04912280701754386], "abolute": [0.36704646332450364, 0.1569500807026823, 0.04956140350877193], "inverted": [0.5347183507182965, 0.23183039201767497, 0.1256892230576441]}, "absmax": {"classic": [0.5705042535402104, 0.27932492927727365, 0.18070175438596492], "abolute": [0.5550639284412572, 0.2569121676084359, 0.11929824561403506], "inverted": [0.42949574645978966, 0.2289186792382926, 0.1466791979949875]}, "mean": {"classic": [0.5409038122090103, 0.2228368107464958, 0.07543859649122807], "abolute": [0.45110494844756976, 0.18397714299333492, 0.06929824561403508], "inverted": [0.45909618779098976, 0.2264988496914641, 0.13571428571428573]}, "sum": {"classic": [0.5853822893120054, 0.32415875890516693, 0.19824561403508775], "abolute": [0.5536121585562137, 0.27161887428309317, 0.18508771929824563], "inverted": [0.4146177106879948, 0.22939295235680765, 0.15545112781954887]}}, "layerGradientXActivation": {"min": {"classic": [0.5845721897701693, 0.3018620659901275, 0.1473684210526316], "abolute": [0.47852795146804156, 0.22689833502867698, 0.09122807017543859], "inverted": [0.4154278102298308, 0.19891341609502483, 0.10150375939849625]}, "max": {"classic": [0.4198981259216989, 0.1767349051965679, 0.08690476190476192], "abolute": [0.45931623421167717, 0.18950322741270095, 0.0855889724310777], "inverted": [0.5801018740783013, 0.26833535625572164, 0.1417919799498747]}, "absmin": {"classic": [0.48655044957255594, 0.19621554840112007, 0.09743107769423558], "abolute": [0.329705038231191, 0.15153207449975098, 0.06585213032581454], "inverted": [0.5134495504274441, 0.20816213560405064, 0.10451127819548872]}, "absmax": {"classic": [0.5524179235289441, 0.29358468405877425, 0.12807017543859647], "abolute": [0.5098286312669017, 0.2338409385826925, 0.09122807017543859], "inverted": [0.44758207647105586, 0.23994179973258234, 0.14273182957393485]}, "mean": {"classic": [0.5085320663982876, 0.2074557983078495, 0.07637844611528821], "abolute": [0.3917168058265772, 0.16157742606337244, 0.07901002506265663], "inverted": [0.4914679336017123, 0.22615221200383834, 0.1405388471177945]}, "sum": {"classic": [0.565638725714224, 0.3058371369340485, 0.2135964912280702], "abolute": [0.5285676227083538, 0.25254752245665396, 0.1785087719298246], "inverted": [0.43436127428577587, 0.23948502294686447, 0.13878446115288223]}}, "occlusion": {"min": {"classic": [0.6428113497093998, 0.3150084469800794, 0.15795739348370927], "abolute": [0.42847846610407037, 0.1796649546349576, 0.056265664160401], "inverted": [0.35718865029060015, 0.1666994625589812, 0.056265664160401]}, "max": {"classic": [0.40899165947099253, 0.18945278155061449, 0.09924812030075188], "abolute": [0.5663118455362223, 0.274634536548629, 0.106265664160401], "inverted": [0.5910083405290075, 0.28818592622592404, 0.106265664160401]}, "absmin": {"classic": [0.6025208797342304, 0.2528191194946993, 0.0882205513784461], "abolute": [0.3629444881658232, 0.16618487286850836, 0.056265664160401], "inverted": [0.3974791202657694, 0.17155359439572754, 0.056265664160401]}, "absmax": {"classic": [0.415600286301226, 0.19503026693073142, 0.10977443609022557], "abolute": [0.5751533938514549, 0.27735827706545996, 0.106265664160401], "inverted": [0.5843997136987741, 0.2863569944937415, 0.106265664160401]}, "mean": {"classic": [0.5013314028522328, 0.20740804991058082, 0.09924812030075188], "abolute": [0.456188855220684, 0.19250312662935967, 0.08258145363408521], "inverted": [0.49866859714776707, 0.20333715601793864, 0.12117794486215538]}, "sum": {"classic": [0.3952493782799034, 0.19362747601152136, 0.09047619047619047], "abolute": [0.5994039719285498, 0.344609956884106, 0.2746867167919799], "inverted": [0.6047506217200965, 0.34922950021464483, 0.2746867167919799]}}}