{
  "integratedgradients": {
    "min": {
      "classic": [0.4756038985642566, 0.33404993489640544, 0.18676470588235294],
      "abolute": [0.5653421549779332, 0.3583772815175422, 0.21827731092436978],
      "inverted": [0.5243961014357434, 0.3911647170805989, 0.27899159663865547]
    },
    "max": {
      "classic": [0.5202747258323619, 0.3578264359899314, 0.2522408963585434],
      "abolute": [0.5702062491663332, 0.4379059343486685, 0.22962184873949582],
      "inverted": [0.47972527416763816, 0.365671576650126, 0.18375350140056024]
    },
    "absmin": {
      "classic": [0.4656593434475239, 0.33310802698870523, 0.20644257703081234],
      "abolute": [0.5676318401756839, 0.42008706346195285, 0.307563025210084],
      "inverted": [0.5343406565524761, 0.4068375571465778, 0.29565826330532213]
    },
    "absmax": {
      "classic": [0.49978729535292377, 0.3438242374001376, 0.2266806722689076],
      "abolute": [0.5469256313636566, 0.3855152557936822, 0.24985994397759106],
      "inverted": [0.5002127046470763, 0.3714457399404033, 0.2039915966386555]
    },
    "mean": {
      "classic": [0.5069281226983546, 0.36139580541701644, 0.21477591036414564],
      "abolute": [0.5969153096021017, 0.4286240509567399, 0.255812324929972],
      "inverted": [0.49307187730164526, 0.42374684494053527, 0.2813725490196079]
    },
    "sum": {
      "classic": [0.5539777275644557, 0.4285524008611626, 0.31834733893557426],
      "abolute": [0.5926635412619153, 0.48138919190658896, 0.3629551820728291],
      "inverted": [0.4460222724355443, 0.37108881341933986, 0.21351540616246498]
    }
  },
  "deeplift": {
    "min": {
      "classic": [0.4528423688315905, 0.31599400745146544, 0.17247899159663865],
      "abolute": [0.44245484425654313, 0.3181745856192763, 0.19453781512605042],
      "inverted": [0.5471576311684094, 0.3795082285092887, 0.2784313725490196]
    },
    "max": {
      "classic": [0.4267164873195655, 0.2672843008002164, 0.148109243697479],
      "abolute": [0.4797091517766528, 0.35937335737432324, 0.23613445378151263],
      "inverted": [0.5732835126804346, 0.396695286962616, 0.27072829131652665]
    },
    "absmin": {
      "classic": [
        0.42644015456424106, 0.28508449054047097, 0.18375350140056024
      ],
      "abolute": [0.4352445917980719, 0.29124219450803973, 0.15042016806722688],
      "inverted": [0.5735598454357589, 0.3805882552811463, 0.24096638655462188]
    },
    "absmax": {
      "classic": [
        0.44332435993721153, 0.30443544797237204, 0.16239495798319328
      ],
      "abolute": [0.4534098820687695, 0.3057693780535541, 0.21414565826330528],
      "inverted": [0.5566756400627885, 0.397102033513808, 0.26652661064425776]
    },
    "mean": {
      "classic": [0.4301978532959077, 0.2939124545056061, 0.15049019607843137],
      "abolute": [
        0.46328349818188136, 0.31559159722147906, 0.23200280112044816
      ],
      "inverted": [0.5698021467040923, 0.3922071572461744, 0.2879551820728291]
    },
    "sum": {
      "classic": [0.43111105915796266, 0.299591522783635, 0.1862044817927171],
      "abolute": [0.4644518556214755, 0.30914192857857165, 0.24985994397759104],
      "inverted": [0.5688889408420373, 0.3959021349656675, 0.29866946778711484]
    }
  },
  "layerGradientXActivation": {
    "min": {
      "classic": [0.4999685731780635, 0.34430968666613193, 0.19453781512605042],
      "abolute": [0.45206186097627465, 0.3340815897031892, 0.21239495798319327],
      "inverted": [0.5000314268219366, 0.317541329703187, 0.2141456582633053]
    },
    "max": {
      "classic": [0.47515790374120664, 0.2904110068050737, 0.20644257703081234],
      "abolute": [0.4445961923416709, 0.3465009226788567, 0.2492296918767507],
      "inverted": [0.5248420962587933, 0.3675476340392717, 0.2534313725490196]
    },
    "absmin": {
      "classic": [
        0.43955049169426225, 0.29944033460314967, 0.22787114845938378
      ],
      "abolute": [0.4228196918864164, 0.30019430050644064, 0.1826330532212885],
      "inverted": [0.5604495083057378, 0.3987687483840279, 0.25462184873949584]
    },
    "absmax": {
      "classic": [0.49783535274012986, 0.3439204268844085, 0.2088235294117647],
      "abolute": [0.43557457644893705, 0.3212949623160081, 0.2296218487394958],
      "inverted": [0.5021646472598701, 0.36814628081441303, 0.2534313725490196]
    },
    "mean": {
      "classic": [0.49078992345730565, 0.3187434111633857, 0.21239495798319327],
      "abolute": [0.4323522464541372, 0.30700144758553655, 0.1837535014005602],
      "inverted": [0.5092100765426943, 0.3524666018104067, 0.24747899159663864]
    },
    "sum": {
      "classic": [0.4690007210613714, 0.3135193486669604, 0.17668067226890757],
      "abolute": [0.44568174008733913, 0.3152948853232841, 0.19390756302521006],
      "inverted": [0.5309992789386285, 0.3761877893211309, 0.22787114845938378]
    }
  },
  "occlusion": {
    "min": {
      "classic": [0.4525099834619838, 0.3453645338101014, 0.2504201680672269],
      "abolute": [0.5791868921481635, 0.40930303317908356, 0.2962885154061624],
      "inverted": [0.5474900165380162, 0.4188149450478554, 0.3040616246498599]
    },
    "max": {
      "classic": [0.5044003543446365, 0.3614054521213791, 0.2445378151260504],
      "abolute": [0.514470082719078, 0.33989762896381753, 0.29985994397759097],
      "inverted": [0.4955996456553636, 0.3270239679624355, 0.27605042016806725]
    },
    "absmin": {
      "classic": [0.3706668645719157, 0.2702905744858224, 0.11827731092436976],
      "abolute": [0.4961282254447673, 0.36130816792643294, 0.2439075630252101],
      "inverted": [0.6293331354280841, 0.4320419888097841, 0.2600140056022409]
    },
    "absmax": {
      "classic": [0.5084828484533911, 0.37878200880465845, 0.2790616246498599],
      "abolute": [0.5605862163706061, 0.37888515254586685, 0.31414565826330537],
      "inverted": [0.4915171515466089, 0.32691865778109597, 0.2903361344537815]
    },
    "mean": {
      "classic": [0.5001713149027728, 0.3777196865230367, 0.2682773109243698],
      "abolute": [0.5796665852331271, 0.41792978595367886, 0.2689075630252101],
      "inverted": [0.4998286850972272, 0.3773752190903595, 0.24033613445378152]
    },
    "sum": {
      "classic": [0.5039250446555433, 0.3698572915181262, 0.2903361344537815],
      "abolute": [0.5757299284448079, 0.3988177417816665, 0.2266106442577031],
      "inverted": [0.4960749553444566, 0.3579776899073371, 0.24033613445378152]
    }
  }
}
